evento_id,venta_id,producto_id,cliente_id,categoria,metodo_pago,ciudad,cantidad,total,riesgo_fraude,timestamp_evento
EVT-000001,VEN-0044740,PROD-00013,CLI-000919,Tecnologia,tarjeta,Trujillo,4,11778.47,0.61,2026-05-13 16:33:06
EVT-000002,VEN-0024972,PROD-00379,CLI-001426,Electronica,tarjeta,Arequipa,1,1006.15,0.39,2026-05-13 16:33:06
EVT-000003,VEN-0043120,PROD-00010,CLI-004178,Deportes,yape,Trujillo,5,15985.56,0.74,2026-05-13 16:33:06
EVT-000004,VEN-0013669,PROD-00067,CLI-008838,Ropa,tarjeta,Piura,4,17252.09,0.6,2026-05-13 16:33:06
EVT-000005,VEN-0007563,PROD-00221,CLI-005274,Tecnologia,tarjeta,Lima,2,7450.08,0.91,2026-05-13 16:33:07
EVT-000006,VEN-0022967,PROD-00472,CLI-006663,Deportes,yape,Piura,4,4615.74,0.76,2026-05-13 16:33:07
EVT-000007,VEN-0026577,PROD-00345,CLI-000443,Deportes,yape,Cusco,4,15958.74,0.95,2026-05-13 16:33:07
EVT-000008,VEN-0025757,PROD-00371,CLI-006462,Electronica,plin,Trujillo,5,5875.42,0.63,2026-05-13 16:33:07
EVT-000009,VEN-0049968,PROD-00016,CLI-002405,Tecnologia,efectivo,Piura,1,1513.47,0.36,2026-05-13 16:33:07
EVT-000010,VEN-0006883,PROD-00059,CLI-003858,Tecnologia,efectivo,Arequipa,5,3080.5,0.7,2026-05-13 16:33:07
EVT-000011,VEN-0039839,PROD-00402,CLI-003328,Tecnologia,plin,Piura,3,7411.91,0.81,2026-05-13 16:33:07
EVT-000012,VEN-0025404,PROD-00035,CLI-000573,Ropa,tarjeta,Trujillo,1,61.28,0.23,2026-05-13 16:33:07
EVT-000013,VEN-0030605,PROD-00351,CLI-008042,Tecnologia,efectivo,Trujillo,1,864.73,0.32,2026-05-13 16:33:07
EVT-000014,VEN-0012743,PROD-00237,CLI-002178,Tecnologia,tarjeta,Arequipa,1,3838.6,0.86,2026-05-13 16:33:08
EVT-000015,VEN-0035273,PROD-00383,CLI-006308,Ropa,tarjeta,Cusco,2,2369.88,0.45,2026-05-13 16:33:08
EVT-000016,VEN-0028236,PROD-00184,CLI-004521,Deportes,yape,Cusco,3,12161.42,0.88,2026-05-13 16:33:08
EVT-000017,VEN-0042838,PROD-00475,CLI-002466,Electronica,plin,Lima,2,6758.16,0.8,2026-05-13 16:33:08
EVT-000018,VEN-0025579,PROD-00496,CLI-007274,Hogar,plin,Cusco,5,7068.11,0.64,2026-05-13 16:33:08
EVT-000019,VEN-0016179,PROD-00381,CLI-006034,Deportes,tarjeta,Trujillo,5,20902.75,0.91,2026-05-13 16:33:08
EVT-000020,VEN-0048749,PROD-00420,CLI-005342,Tecnologia,efectivo,Trujillo,4,18316.09,0.64,2026-05-13 16:33:08
EVT-000021,VEN-0020258,PROD-00264,CLI-009520,Hogar,tarjeta,Trujillo,5,14637.58,0.86,2026-05-13 16:33:08
EVT-000022,VEN-0048735,PROD-00119,CLI-005629,Tecnologia,yape,Trujillo,4,12122.66,0.93,2026-05-13 16:33:08
EVT-000023,VEN-0021875,PROD-00066,CLI-000430,Electronica,tarjeta,Piura,4,15350.57,0.72,2026-05-13 16:33:08
EVT-000024,VEN-0041036,PROD-00426,CLI-009728,Hogar,yape,Piura,5,20542.31,0.75,2026-05-13 16:33:09
EVT-000025,VEN-0003300,PROD-00181,CLI-007458,Deportes,plin,Trujillo,5,2660.36,0.26,2026-05-13 16:33:09
EVT-000026,VEN-0000648,PROD-00147,CLI-008544,Tecnologia,tarjeta,Arequipa,1,3939.05,0.82,2026-05-13 16:33:09
EVT-000027,VEN-0025609,PROD-00018,CLI-006827,Electronica,yape,Trujillo,4,7683.62,0.82,2026-05-13 16:33:09
EVT-000028,VEN-0031205,PROD-00004,CLI-003145,Tecnologia,plin,Cusco,2,5515.21,0.88,2026-05-13 16:33:09
EVT-000029,VEN-0001932,PROD-00042,CLI-004666,Deportes,tarjeta,Cusco,3,13485.27,0.86,2026-05-13 16:33:09
EVT-000030,VEN-0017898,PROD-00002,CLI-003726,Tecnologia,yape,Cusco,5,13810.41,0.71,2026-05-13 16:33:09
EVT-000031,VEN-0038129,PROD-00434,CLI-003499,Deportes,plin,Lima,5,10698.62,0.83,2026-05-13 16:33:09
EVT-000032,VEN-0038938,PROD-00273,CLI-001915,Hogar,yape,Lima,5,12430.04,0.93,2026-05-13 16:33:09
EVT-000033,VEN-0022557,PROD-00438,CLI-000354,Tecnologia,plin,Cusco,3,3266.28,0.89,2026-05-13 16:33:09
EVT-000034,VEN-0007818,PROD-00115,CLI-000658,Tecnologia,plin,Arequipa,2,415.59,0.16,2026-05-13 16:33:10
EVT-000035,VEN-0049829,PROD-00184,CLI-006314,Deportes,efectivo,Lima,1,4097.11,0.66,2026-05-13 16:33:10
EVT-000036,VEN-0020211,PROD-00409,CLI-008052,Deportes,efectivo,Piura,1,1826.91,0.29,2026-05-13 16:33:10
EVT-000037,VEN-0041747,PROD-00154,CLI-000831,Deportes,plin,Cusco,1,749.32,0.34,2026-05-13 16:33:10
EVT-000038,VEN-0036020,PROD-00349,CLI-006702,Electronica,efectivo,Arequipa,5,9929.01,0.95,2026-05-13 16:33:10
EVT-000039,VEN-0011362,PROD-00491,CLI-009924,Deportes,tarjeta,Trujillo,3,10883.71,0.91,2026-05-13 16:33:10
EVT-000040,VEN-0009102,PROD-00411,CLI-002363,Hogar,tarjeta,Piura,3,8030.55,0.77,2026-05-13 16:33:10
EVT-000041,VEN-0026012,PROD-00493,CLI-000648,Electronica,tarjeta,Trujillo,4,13616.66,0.62,2026-05-13 16:33:10
EVT-000042,VEN-0027780,PROD-00325,CLI-005340,Electronica,tarjeta,Piura,5,12463.04,0.9,2026-05-13 16:33:10
EVT-000043,VEN-0005689,PROD-00247,CLI-002833,Tecnologia,tarjeta,Piura,1,2346.94,0.51,2026-05-13 16:33:10
EVT-000044,VEN-0042010,PROD-00253,CLI-000461,Deportes,plin,Arequipa,3,2100.2,0.5,2026-05-13 16:33:11
EVT-000045,VEN-0037164,PROD-00318,CLI-002435,Tecnologia,plin,Trujillo,5,439.41,0.08,2026-05-13 16:33:11
EVT-000046,VEN-0002157,PROD-00161,CLI-006191,Tecnologia,efectivo,Cusco,5,4906.91,0.61,2026-05-13 16:33:11
EVT-000047,VEN-0021451,PROD-00329,CLI-001450,Deportes,yape,Arequipa,4,7943.53,0.71,2026-05-13 16:33:11
EVT-000048,VEN-0049963,PROD-00165,CLI-003026,Electronica,tarjeta,Piura,4,2475.15,0.55,2026-05-13 16:33:11
EVT-000049,VEN-0046916,PROD-00128,CLI-007841,Hogar,tarjeta,Lima,3,8910.58,0.62,2026-05-13 16:33:11
EVT-000050,VEN-0046906,PROD-00156,CLI-006051,Tecnologia,tarjeta,Trujillo,2,6797.67,0.75,2026-05-13 16:33:11
EVT-000051,VEN-0039380,PROD-00006,CLI-007140,Deportes,plin,Lima,4,14792.03,0.83,2026-05-13 16:33:11
EVT-000052,VEN-0025388,PROD-00016,CLI-008359,Tecnologia,plin,Arequipa,5,7262.43,0.69,2026-05-13 16:33:11
EVT-000053,VEN-0010016,PROD-00411,CLI-006895,Hogar,yape,Lima,1,2754.66,0.47,2026-05-13 16:33:11
EVT-000054,VEN-0037705,PROD-00059,CLI-002019,Tecnologia,plin,Cusco,5,3158.59,0.8,2026-05-13 16:33:12
EVT-000055,VEN-0006861,PROD-00282,CLI-006105,Hogar,efectivo,Piura,1,3179.07,0.66,2026-05-13 16:33:12
EVT-000056,VEN-0002700,PROD-00488,CLI-009002,Deportes,tarjeta,Cusco,1,1374.37,0.25,2026-05-13 16:33:12
EVT-000057,VEN-0041829,PROD-00332,CLI-009915,Ropa,yape,Trujillo,4,1693.7,0.42,2026-05-13 16:33:12
EVT-000058,VEN-0041597,PROD-00125,CLI-002646,Ropa,tarjeta,Arequipa,3,7913.98,0.63,2026-05-13 16:33:12
EVT-000059,VEN-0000738,PROD-00122,CLI-000415,Deportes,tarjeta,Arequipa,1,4279.61,0.82,2026-05-13 16:33:12
EVT-000060,VEN-0005392,PROD-00079,CLI-009287,Hogar,tarjeta,Lima,4,9488.88,0.92,2026-05-13 16:33:12
EVT-000061,VEN-0034535,PROD-00208,CLI-001892,Tecnologia,plin,Arequipa,4,8902.25,0.81,2026-05-13 16:33:12
EVT-000062,VEN-0021428,PROD-00346,CLI-001957,Ropa,tarjeta,Arequipa,2,2190.25,0.38,2026-05-13 16:33:12
EVT-000063,VEN-0008314,PROD-00012,CLI-000932,Ropa,plin,Cusco,5,18718.88,0.74,2026-05-13 16:33:13
EVT-000064,VEN-0027083,PROD-00476,CLI-008978,Tecnologia,plin,Piura,2,5259.01,0.7,2026-05-13 16:33:13
EVT-000065,VEN-0012038,PROD-00330,CLI-001544,Hogar,efectivo,Trujillo,5,4919.32,0.74,2026-05-13 16:33:13
EVT-000066,VEN-0044177,PROD-00154,CLI-004806,Deportes,yape,Piura,1,702.13,0.38,2026-05-13 16:33:13
EVT-000067,VEN-0014055,PROD-00400,CLI-000747,Deportes,efectivo,Piura,1,3134.45,0.77,2026-05-13 16:33:13
EVT-000068,VEN-0048468,PROD-00364,CLI-003281,Tecnologia,yape,Piura,1,108.43,0.14,2026-05-13 16:33:13
EVT-000069,VEN-0003454,PROD-00087,CLI-007574,Deportes,yape,Lima,3,3756.9,0.67,2026-05-13 16:33:13
EVT-000070,VEN-0016854,PROD-00262,CLI-000969,Ropa,yape,Lima,2,1227.8,0.51,2026-05-13 16:33:13
EVT-000071,VEN-0048933,PROD-00007,CLI-006373,Deportes,efectivo,Arequipa,1,1103.73,0.27,2026-05-13 16:33:13
EVT-000072,VEN-0009526,PROD-00156,CLI-008644,Tecnologia,efectivo,Trujillo,4,13475.14,0.84,2026-05-13 16:33:13
EVT-000073,VEN-0007047,PROD-00462,CLI-006931,Deportes,plin,Lima,3,9606.68,0.86,2026-05-13 16:33:14
EVT-000074,VEN-0027723,PROD-00218,CLI-007179,Hogar,tarjeta,Lima,5,17515.98,0.91,2026-05-13 16:33:14
EVT-000075,VEN-0006294,PROD-00207,CLI-004256,Deportes,tarjeta,Trujillo,3,13194.87,0.93,2026-05-13 16:33:14
EVT-000076,VEN-0001918,PROD-00069,CLI-006260,Ropa,yape,Arequipa,4,12210.59,0.65,2026-05-13 16:33:14
EVT-000077,VEN-0013115,PROD-00174,CLI-003592,Electronica,efectivo,Piura,1,872.42,0.28,2026-05-13 16:33:14
EVT-000078,VEN-0022442,PROD-00051,CLI-003233,Tecnologia,yape,Cusco,5,12178.05,0.85,2026-05-13 16:33:14
EVT-000079,VEN-0009090,PROD-00245,CLI-002987,Tecnologia,efectivo,Lima,1,3797.4,0.86,2026-05-13 16:33:14
EVT-000080,VEN-0021109,PROD-00033,CLI-000140,Tecnologia,tarjeta,Lima,4,12279.18,0.72,2026-05-13 16:33:14
EVT-000081,VEN-0002586,PROD-00204,CLI-001668,Deportes,plin,Trujillo,4,7802.95,0.72,2026-05-13 16:33:14
EVT-000082,VEN-0001391,PROD-00166,CLI-004324,Ropa,efectivo,Piura,4,10508.5,0.64,2026-05-13 16:33:14
EVT-000083,VEN-0034579,PROD-00322,CLI-001145,Ropa,plin,Arequipa,3,3509.69,0.77,2026-05-13 16:33:15
EVT-000084,VEN-0005135,PROD-00248,CLI-003960,Electronica,tarjeta,Lima,3,12562.85,0.91,2026-05-13 16:33:15
EVT-000085,VEN-0002251,PROD-00294,CLI-001226,Deportes,tarjeta,Arequipa,2,5953.28,0.69,2026-05-13 16:33:15
EVT-000086,VEN-0005341,PROD-00457,CLI-007013,Hogar,efectivo,Cusco,5,144.97,0.08,2026-05-13 16:33:15
EVT-000087,VEN-0024527,PROD-00425,CLI-003662,Electronica,yape,Arequipa,4,11655.54,0.73,2026-05-13 16:33:15
EVT-000088,VEN-0004294,PROD-00184,CLI-008908,Deportes,tarjeta,Trujillo,1,4373.18,0.88,2026-05-13 16:33:15
EVT-000089,VEN-0017933,PROD-00309,CLI-001776,Electronica,yape,Trujillo,4,13432.16,0.66,2026-05-13 16:33:15
EVT-000090,VEN-0002497,PROD-00334,CLI-001608,Tecnologia,yape,Arequipa,4,2157.19,0.48,2026-05-13 16:33:15
EVT-000091,VEN-0027611,PROD-00114,CLI-002724,Tecnologia,yape,Lima,1,2857.8,0.42,2026-05-13 16:33:15
EVT-000092,VEN-0019010,PROD-00286,CLI-003006,Hogar,plin,Piura,2,8170.76,0.78,2026-05-13 16:33:15
EVT-000093,VEN-0018772,PROD-00111,CLI-001784,Ropa,tarjeta,Lima,2,1264.9,0.49,2026-05-13 16:33:16
EVT-000094,VEN-0018554,PROD-00171,CLI-001527,Electronica,yape,Cusco,3,12716.9,0.78,2026-05-13 16:33:16
EVT-000095,VEN-0015646,PROD-00421,CLI-007481,Electronica,efectivo,Trujillo,4,7321.09,0.87,2026-05-13 16:33:16
EVT-000096,VEN-0042189,PROD-00434,CLI-001975,Deportes,yape,Cusco,5,10841.96,0.72,2026-05-13 16:33:16
EVT-000097,VEN-0013388,PROD-00417,CLI-001356,Electronica,yape,Lima,4,10385.21,0.72,2026-05-13 16:33:16
EVT-000098,VEN-0040906,PROD-00170,CLI-008687,Hogar,yape,Arequipa,3,12819.97,0.88,2026-05-13 16:33:16
EVT-000099,VEN-0039713,PROD-00379,CLI-008955,Electronica,tarjeta,Lima,4,4337.0,0.73,2026-05-13 16:33:16
EVT-000100,VEN-0000478,PROD-00012,CLI-009984,Ropa,tarjeta,Trujillo,5,20028.84,0.72,2026-05-13 16:33:16
EVT-000101,VEN-0015793,PROD-00426,CLI-005517,Hogar,plin,Piura,4,15879.31,0.7,2026-05-13 16:33:16
EVT-000102,VEN-0036589,PROD-00223,CLI-004128,Deportes,plin,Cusco,1,959.69,0.43,2026-05-13 16:33:16
EVT-000103,VEN-0014415,PROD-00482,CLI-006124,Tecnologia,tarjeta,Lima,2,8745.41,0.82,2026-05-13 16:33:17
EVT-000104,VEN-0026748,PROD-00115,CLI-007148,Tecnologia,tarjeta,Arequipa,4,795.93,0.54,2026-05-13 16:33:17
EVT-000105,VEN-0040431,PROD-00434,CLI-002290,Deportes,tarjeta,Trujillo,2,4947.28,0.88,2026-05-13 16:33:17
EVT-000106,VEN-0032885,PROD-00344,CLI-000018,Tecnologia,efectivo,Piura,4,10440.49,0.79,2026-05-13 16:33:17
EVT-000107,VEN-0012697,PROD-00446,CLI-000591,Ropa,plin,Piura,1,1408.6,0.43,2026-05-13 16:33:17
EVT-000108,VEN-0017772,PROD-00462,CLI-007368,Deportes,yape,Lima,1,3180.73,0.74,2026-05-13 16:33:17
EVT-000109,VEN-0028611,PROD-00098,CLI-003843,Tecnologia,plin,Piura,4,12788.53,0.61,2026-05-13 16:33:17
EVT-000110,VEN-0012791,PROD-00481,CLI-000325,Electronica,efectivo,Arequipa,5,18109.33,0.94,2026-05-13 16:33:17
EVT-000111,VEN-0030139,PROD-00316,CLI-006730,Hogar,efectivo,Cusco,2,7497.87,0.7,2026-05-13 16:33:17
EVT-000112,VEN-0048802,PROD-00259,CLI-008198,Tecnologia,efectivo,Trujillo,5,1391.7,0.48,2026-05-13 16:33:17
EVT-000113,VEN-0010812,PROD-00310,CLI-004841,Ropa,yape,Piura,3,9573.62,0.88,2026-05-13 16:33:18
EVT-000114,VEN-0004218,PROD-00436,CLI-004243,Electronica,tarjeta,Arequipa,3,5944.42,0.62,2026-05-13 16:33:18
EVT-000115,VEN-0041058,PROD-00474,CLI-001633,Electronica,yape,Piura,5,1986.98,0.6,2026-05-13 16:33:18
EVT-000116,VEN-0042768,PROD-00247,CLI-001981,Tecnologia,yape,Cusco,3,6898.54,0.69,2026-05-13 16:33:18
EVT-000117,VEN-0014689,PROD-00149,CLI-001660,Hogar,tarjeta,Piura,3,8151.44,0.82,2026-05-13 16:33:18
EVT-000118,VEN-0046970,PROD-00029,CLI-000734,Hogar,plin,Cusco,5,18387.23,0.72,2026-05-13 16:33:18
EVT-000119,VEN-0045478,PROD-00032,CLI-000592,Ropa,plin,Cusco,1,2473.02,0.43,2026-05-13 16:33:18
EVT-000120,VEN-0039164,PROD-00454,CLI-007824,Tecnologia,plin,Cusco,2,3790.1,0.64,2026-05-13 16:33:18
EVT-000121,VEN-0004457,PROD-00406,CLI-002587,Tecnologia,yape,Piura,4,9570.69,0.83,2026-05-13 16:33:18
EVT-000122,VEN-0022265,PROD-00204,CLI-009399,Deportes,yape,Lima,5,8610.47,0.61,2026-05-13 16:33:19
EVT-000123,VEN-0013828,PROD-00194,CLI-003663,Ropa,efectivo,Trujillo,3,11362.84,0.61,2026-05-13 16:33:19
EVT-000124,VEN-0014145,PROD-00401,CLI-008972,Ropa,plin,Arequipa,4,13248.41,0.68,2026-05-13 16:33:19
EVT-000125,VEN-0031976,PROD-00006,CLI-005047,Deportes,tarjeta,Piura,1,3621.7,0.86,2026-05-13 16:33:19
EVT-000126,VEN-0017613,PROD-00436,CLI-003964,Electronica,efectivo,Cusco,1,1839.48,0.58,2026-05-13 16:33:19
EVT-000127,VEN-0016562,PROD-00296,CLI-001584,Tecnologia,tarjeta,Piura,5,8154.03,0.78,2026-05-13 16:33:19
EVT-000128,VEN-0039272,PROD-00001,CLI-005305,Electronica,tarjeta,Piura,4,6300.28,0.68,2026-05-13 16:33:19
EVT-000129,VEN-0024855,PROD-00225,CLI-000130,Tecnologia,yape,Lima,2,4110.67,0.92,2026-05-13 16:33:19
EVT-000130,VEN-0049275,PROD-00154,CLI-009251,Deportes,yape,Arequipa,2,1518.8,0.32,2026-05-13 16:33:19
EVT-000131,VEN-0034966,PROD-00103,CLI-003493,Electronica,yape,Piura,3,10279.33,0.78,2026-05-13 16:33:19
EVT-000132,VEN-0014542,PROD-00284,CLI-002700,Tecnologia,efectivo,Cusco,2,5888.25,0.71,2026-05-13 16:33:20
EVT-000133,VEN-0007123,PROD-00320,CLI-005204,Tecnologia,tarjeta,Trujillo,1,2304.75,0.48,2026-05-13 16:33:20
EVT-000134,VEN-0027314,PROD-00319,CLI-007035,Hogar,plin,Cusco,3,5151.2,0.85,2026-05-13 16:33:20
EVT-000135,VEN-0024945,PROD-00060,CLI-000531,Tecnologia,yape,Piura,1,1285.51,0.39,2026-05-13 16:33:20
EVT-000136,VEN-0028115,PROD-00071,CLI-000121,Deportes,yape,Cusco,1,2677.86,0.45,2026-05-13 16:33:20
EVT-000137,VEN-0027256,PROD-00442,CLI-004803,Deportes,plin,Trujillo,1,3411.55,0.75,2026-05-13 16:33:20
EVT-000138,VEN-0029932,PROD-00347,CLI-003719,Deportes,plin,Lima,2,777.74,0.52,2026-05-13 16:33:20
EVT-000139,VEN-0006557,PROD-00429,CLI-007371,Hogar,plin,Arequipa,4,7881.22,0.64,2026-05-13 16:33:20
EVT-000140,VEN-0047234,PROD-00428,CLI-009537,Electronica,efectivo,Lima,3,1296.96,0.36,2026-05-13 16:33:20
EVT-000141,VEN-0034289,PROD-00153,CLI-004636,Tecnologia,plin,Arequipa,3,4182.21,0.61,2026-05-13 16:33:20
EVT-000142,VEN-0019229,PROD-00353,CLI-002248,Hogar,yape,Cusco,2,4263.1,0.9,2026-05-13 16:33:21
EVT-000143,VEN-0030250,PROD-00034,CLI-002843,Deportes,tarjeta,Arequipa,3,5665.53,0.71,2026-05-13 16:33:21
EVT-000144,VEN-0026383,PROD-00019,CLI-002829,Tecnologia,plin,Cusco,4,9543.82,0.77,2026-05-13 16:33:21
EVT-000145,VEN-0002195,PROD-00273,CLI-008688,Hogar,plin,Trujillo,2,4571.3,0.81,2026-05-13 16:33:21
EVT-000146,VEN-0014080,PROD-00405,CLI-003712,Tecnologia,tarjeta,Arequipa,2,2632.46,0.27,2026-05-13 16:33:21
EVT-000147,VEN-0029195,PROD-00207,CLI-002376,Deportes,tarjeta,Lima,4,15613.91,0.85,2026-05-13 16:33:21
EVT-000148,VEN-0018422,PROD-00196,CLI-007203,Deportes,yape,Arequipa,4,3796.89,0.88,2026-05-13 16:33:21
EVT-000149,VEN-0007393,PROD-00239,CLI-004306,Deportes,efectivo,Piura,2,7522.1,0.9,2026-05-13 16:33:21
EVT-000150,VEN-0013513,PROD-00204,CLI-008100,Deportes,efectivo,Piura,5,8774.48,0.95,2026-05-13 16:33:21
EVT-000151,VEN-0008841,PROD-00490,CLI-009794,Electronica,yape,Lima,1,316.97,0.26,2026-05-13 16:33:21
EVT-000152,VEN-0024245,PROD-00016,CLI-001106,Tecnologia,efectivo,Lima,3,4415.6,0.69,2026-05-13 16:33:22
EVT-000153,VEN-0026821,PROD-00282,CLI-002406,Hogar,plin,Lima,1,3470.84,0.74,2026-05-13 16:33:22
EVT-000154,VEN-0006566,PROD-00215,CLI-008050,Ropa,plin,Piura,5,364.42,0.16,2026-05-13 16:33:22
EVT-000155,VEN-0028160,PROD-00048,CLI-004422,Electronica,tarjeta,Trujillo,4,3539.76,0.83,2026-05-13 16:33:22
EVT-000156,VEN-0010284,PROD-00136,CLI-007885,Tecnologia,tarjeta,Arequipa,2,6342.33,0.83,2026-05-13 16:33:22
EVT-000157,VEN-0018306,PROD-00297,CLI-008171,Electronica,yape,Cusco,3,6283.39,0.7,2026-05-13 16:33:22
EVT-000158,VEN-0042818,PROD-00143,CLI-003776,Tecnologia,plin,Lima,4,15446.96,0.85,2026-05-13 16:33:22
EVT-000159,VEN-0001876,PROD-00061,CLI-002164,Hogar,tarjeta,Arequipa,3,12261.19,0.86,2026-05-13 16:33:22
EVT-000160,VEN-0019922,PROD-00025,CLI-003994,Tecnologia,plin,Trujillo,2,2176.12,0.51,2026-05-13 16:33:22
EVT-000161,VEN-0044715,PROD-00073,CLI-002922,Hogar,plin,Arequipa,5,9284.74,0.75,2026-05-13 16:33:22
EVT-000162,VEN-0042122,PROD-00334,CLI-000950,Tecnologia,tarjeta,Arequipa,4,2339.81,0.42,2026-05-13 16:33:23
EVT-000163,VEN-0042920,PROD-00337,CLI-006978,Electronica,tarjeta,Arequipa,5,20412.21,0.64,2026-05-13 16:33:23
EVT-000164,VEN-0041615,PROD-00308,CLI-003911,Electronica,efectivo,Piura,3,10049.83,0.75,2026-05-13 16:33:23
EVT-000165,VEN-0017569,PROD-00250,CLI-002205,Deportes,tarjeta,Piura,4,9680.55,0.95,2026-05-13 16:33:23
EVT-000166,VEN-0012627,PROD-00125,CLI-001581,Ropa,tarjeta,Cusco,1,2896.86,0.56,2026-05-13 16:33:23
EVT-000167,VEN-0045804,PROD-00138,CLI-008970,Electronica,efectivo,Arequipa,2,187.01,0.26,2026-05-13 16:33:23
EVT-000168,VEN-0016822,PROD-00320,CLI-000618,Tecnologia,efectivo,Lima,4,8460.67,0.76,2026-05-13 16:33:23
EVT-000169,VEN-0024946,PROD-00140,CLI-007049,Ropa,efectivo,Trujillo,1,672.44,0.26,2026-05-13 16:33:23
EVT-000170,VEN-0041136,PROD-00218,CLI-005499,Hogar,plin,Piura,2,7035.56,0.63,2026-05-13 16:33:23
EVT-000171,VEN-0002460,PROD-00443,CLI-000450,Hogar,yape,Piura,5,8791.38,0.8,2026-05-13 16:33:24
EVT-000172,VEN-0018240,PROD-00239,CLI-000542,Deportes,tarjeta,Cusco,5,18428.73,0.78,2026-05-13 16:33:24
EVT-000173,VEN-0016486,PROD-00186,CLI-009945,Ropa,tarjeta,Lima,2,6310.25,0.85,2026-05-13 16:33:24
EVT-000174,VEN-0026326,PROD-00005,CLI-002004,Tecnologia,plin,Lima,4,9581.93,0.86,2026-05-13 16:33:24
EVT-000175,VEN-0018264,PROD-00273,CLI-001683,Hogar,tarjeta,Piura,5,10919.44,0.95,2026-05-13 16:33:24
EVT-000176,VEN-0017435,PROD-00433,CLI-005551,Deportes,yape,Lima,1,3960.95,0.93,2026-05-13 16:33:24
EVT-000177,VEN-0036562,PROD-00377,CLI-004542,Hogar,plin,Piura,5,8858.3,0.6,2026-05-13 16:33:24
EVT-000178,VEN-0029551,PROD-00125,CLI-001718,Ropa,efectivo,Piura,2,5453.81,0.62,2026-05-13 16:33:24
EVT-000179,VEN-0008717,PROD-00182,CLI-009808,Electronica,plin,Cusco,5,8978.64,0.78,2026-05-13 16:33:24
EVT-000180,VEN-0044458,PROD-00295,CLI-002841,Electronica,tarjeta,Arequipa,2,8616.02,0.82,2026-05-13 16:33:24
EVT-000181,VEN-0034454,PROD-00478,CLI-005182,Tecnologia,plin,Piura,4,1107.17,0.49,2026-05-13 16:33:25
EVT-000182,VEN-0017301,PROD-00451,CLI-009674,Ropa,yape,Lima,5,12399.85,0.62,2026-05-13 16:33:25
EVT-000183,VEN-0026116,PROD-00226,CLI-002784,Tecnologia,plin,Lima,4,9681.27,0.84,2026-05-13 16:33:25
EVT-000184,VEN-0002299,PROD-00182,CLI-006636,Electronica,efectivo,Lima,4,6998.56,0.67,2026-05-13 16:33:25
EVT-000185,VEN-0018298,PROD-00037,CLI-004923,Tecnologia,efectivo,Lima,4,16450.22,0.77,2026-05-13 16:33:25
EVT-000186,VEN-0033410,PROD-00167,CLI-001392,Electronica,tarjeta,Cusco,3,10001.48,0.72,2026-05-13 16:33:25
EVT-000187,VEN-0040716,PROD-00404,CLI-005662,Tecnologia,plin,Cusco,5,20135.58,0.78,2026-05-13 16:33:25
EVT-000188,VEN-0004550,PROD-00498,CLI-005882,Hogar,efectivo,Lima,5,9994.72,0.84,2026-05-13 16:33:25
EVT-000189,VEN-0042055,PROD-00358,CLI-004362,Ropa,plin,Cusco,4,3146.48,0.63,2026-05-13 16:33:25
EVT-000190,VEN-0012886,PROD-00205,CLI-003121,Ropa,plin,Trujillo,4,13078.44,0.95,2026-05-13 16:33:25
EVT-000191,VEN-0020850,PROD-00168,CLI-007982,Hogar,tarjeta,Lima,5,3707.28,0.61,2026-05-13 16:33:26
EVT-000192,VEN-0040548,PROD-00230,CLI-009504,Deportes,yape,Lima,1,3180.38,0.91,2026-05-13 16:33:26
EVT-000193,VEN-0023318,PROD-00378,CLI-009264,Electronica,efectivo,Trujillo,2,4328.91,0.63,2026-05-13 16:33:26
EVT-000194,VEN-0041105,PROD-00255,CLI-003888,Deportes,plin,Piura,3,7714.35,0.74,2026-05-13 16:33:26
EVT-000195,VEN-0038396,PROD-00153,CLI-004381,Tecnologia,yape,Cusco,4,6074.52,0.68,2026-05-13 16:33:26
EVT-000196,VEN-0022708,PROD-00109,CLI-005569,Ropa,yape,Cusco,4,7676.63,0.75,2026-05-13 16:33:26
EVT-000197,VEN-0029718,PROD-00314,CLI-002357,Ropa,tarjeta,Lima,5,10350.41,0.82,2026-05-13 16:33:26
EVT-000198,VEN-0026413,PROD-00497,CLI-009741,Ropa,plin,Piura,3,485.32,0.09,2026-05-13 16:33:26
EVT-000199,VEN-0027950,PROD-00431,CLI-008125,Deportes,efectivo,Arequipa,5,16129.5,0.84,2026-05-13 16:33:26
EVT-000200,VEN-0020759,PROD-00399,CLI-007578,Deportes,tarjeta,Cusco,2,8797.84,0.94,2026-05-13 16:33:26
EVT-000201,VEN-0048374,PROD-00478,CLI-002974,Tecnologia,yape,Piura,2,497.58,0.21,2026-05-13 16:33:27
EVT-000202,VEN-0026607,PROD-00386,CLI-001413,Tecnologia,efectivo,Trujillo,3,7172.36,0.63,2026-05-13 16:33:27
EVT-000203,VEN-0006195,PROD-00332,CLI-000330,Ropa,efectivo,Cusco,1,396.83,0.23,2026-05-13 16:33:27
EVT-000204,VEN-0029178,PROD-00061,CLI-008361,Hogar,tarjeta,Arequipa,4,18433.48,0.73,2026-05-13 16:33:27
EVT-000205,VEN-0037845,PROD-00258,CLI-000082,Hogar,yape,Arequipa,2,1288.61,0.52,2026-05-13 16:33:27
EVT-000206,VEN-0030307,PROD-00331,CLI-001191,Hogar,plin,Arequipa,5,12015.97,0.82,2026-05-13 16:33:27
EVT-000207,VEN-0034206,PROD-00269,CLI-001148,Hogar,plin,Lima,3,12634.56,0.78,2026-05-13 16:33:27
EVT-000208,VEN-0043800,PROD-00104,CLI-005280,Hogar,tarjeta,Piura,2,5572.15,0.8,2026-05-13 16:33:27
EVT-000209,VEN-0009375,PROD-00055,CLI-002096,Ropa,tarjeta,Lima,2,1377.05,0.54,2026-05-13 16:33:27
EVT-000210,VEN-0013167,PROD-00123,CLI-001532,Ropa,tarjeta,Arequipa,3,3922.01,0.8,2026-05-13 16:33:27
EVT-000211,VEN-0046103,PROD-00437,CLI-006457,Electronica,plin,Lima,4,4416.84,0.83,2026-05-13 16:33:28
EVT-000212,VEN-0002462,PROD-00272,CLI-009895,Ropa,plin,Cusco,2,2943.74,0.45,2026-05-13 16:33:28
EVT-000213,VEN-0034571,PROD-00305,CLI-004234,Ropa,efectivo,Cusco,5,3369.02,0.88,2026-05-13 16:33:28
EVT-000214,VEN-0005649,PROD-00150,CLI-009639,Ropa,plin,Lima,4,17123.04,0.92,2026-05-13 16:33:28
EVT-000215,VEN-0010978,PROD-00223,CLI-001461,Deportes,yape,Arequipa,2,2047.21,0.52,2026-05-13 16:33:28
EVT-000216,VEN-0008970,PROD-00235,CLI-005317,Ropa,yape,Piura,5,6163.92,0.67,2026-05-13 16:33:28
EVT-000217,VEN-0027419,PROD-00324,CLI-008715,Tecnologia,tarjeta,Piura,4,3146.32,0.82,2026-05-13 16:33:28
EVT-000218,VEN-0030111,PROD-00382,CLI-004668,Deportes,efectivo,Arequipa,1,3276.08,0.88,2026-05-13 16:33:28
EVT-000219,VEN-0040885,PROD-00322,CLI-006560,Ropa,plin,Cusco,2,2331.57,0.3,2026-05-13 16:33:28
EVT-000220,VEN-0006312,PROD-00036,CLI-003523,Tecnologia,efectivo,Arequipa,5,21492.96,0.83,2026-05-13 16:33:29
EVT-000221,VEN-0010143,PROD-00170,CLI-004304,Hogar,efectivo,Lima,4,19456.24,0.75,2026-05-13 16:33:29
EVT-000222,VEN-0025763,PROD-00220,CLI-002951,Electronica,yape,Piura,4,9621.01,0.78,2026-05-13 16:33:29
EVT-000223,VEN-0007450,PROD-00080,CLI-008415,Electronica,yape,Lima,1,566.48,0.44,2026-05-13 16:33:29
EVT-000224,VEN-0028201,PROD-00388,CLI-003550,Deportes,tarjeta,Cusco,1,1012.67,0.35,2026-05-13 16:33:29
EVT-000225,VEN-0019885,PROD-00221,CLI-003297,Tecnologia,yape,Trujillo,5,16980.43,0.69,2026-05-13 16:33:29
EVT-000226,VEN-0012430,PROD-00257,CLI-007805,Tecnologia,yape,Lima,2,6915.7,0.64,2026-05-13 16:33:29
EVT-000227,VEN-0030195,PROD-00340,CLI-008852,Electronica,yape,Trujillo,5,6209.96,0.74,2026-05-13 16:33:29
EVT-000228,VEN-0000403,PROD-00436,CLI-003167,Electronica,tarjeta,Lima,1,2011.75,0.32,2026-05-13 16:33:29
EVT-000229,VEN-0045127,PROD-00061,CLI-006660,Hogar,tarjeta,Trujillo,2,8897.34,0.9,2026-05-13 16:33:29
EVT-000230,VEN-0011024,PROD-00249,CLI-002887,Electronica,yape,Lima,1,2251.61,0.43,2026-05-13 16:33:30
EVT-000231,VEN-0037152,PROD-00262,CLI-008641,Ropa,tarjeta,Piura,3,1765.43,0.57,2026-05-13 16:33:30
EVT-000232,VEN-0024490,PROD-00467,CLI-006997,Ropa,yape,Lima,1,3546.57,0.78,2026-05-13 16:33:30
EVT-000233,VEN-0009706,PROD-00262,CLI-000856,Ropa,tarjeta,Piura,4,2438.16,0.29,2026-05-13 16:33:30
EVT-000234,VEN-0022412,PROD-00377,CLI-008855,Hogar,plin,Arequipa,1,1756.42,0.54,2026-05-13 16:33:30
EVT-000235,VEN-0028274,PROD-00269,CLI-003288,Hogar,yape,Piura,5,20027.35,0.93,2026-05-13 16:33:30
EVT-000236,VEN-0012444,PROD-00287,CLI-009275,Electronica,efectivo,Trujillo,5,12110.87,0.6,2026-05-13 16:33:30
EVT-000237,VEN-0026416,PROD-00332,CLI-001267,Ropa,efectivo,Piura,1,407.01,0.23,2026-05-13 16:33:30
EVT-000238,VEN-0040609,PROD-00149,CLI-004535,Hogar,efectivo,Arequipa,5,13472.81,0.74,2026-05-13 16:33:30
EVT-000239,VEN-0044933,PROD-00333,CLI-006840,Electronica,plin,Cusco,4,3798.45,0.64,2026-05-13 16:33:30
EVT-000240,VEN-0028711,PROD-00195,CLI-008778,Deportes,tarjeta,Trujillo,1,4035.56,0.6,2026-05-13 16:33:31
EVT-000241,VEN-0032139,PROD-00098,CLI-009331,Tecnologia,plin,Arequipa,2,7074.32,0.63,2026-05-13 16:33:31
EVT-000242,VEN-0013616,PROD-00351,CLI-009528,Tecnologia,tarjeta,Trujillo,4,3854.14,0.81,2026-05-13 16:33:31
EVT-000243,VEN-0047284,PROD-00148,CLI-009691,Deportes,efectivo,Cusco,5,15733.66,0.66,2026-05-13 16:33:31
EVT-000244,VEN-0026443,PROD-00041,CLI-001033,Electronica,yape,Lima,2,7700.13,0.89,2026-05-13 16:33:31
EVT-000245,VEN-0006889,PROD-00268,CLI-009231,Deportes,tarjeta,Lima,2,5884.26,0.81,2026-05-13 16:33:31
EVT-000246,VEN-0014593,PROD-00471,CLI-008361,Electronica,yape,Arequipa,3,1783.45,0.3,2026-05-13 16:33:31
EVT-000247,VEN-0037741,PROD-00357,CLI-008464,Deportes,tarjeta,Lima,5,21616.13,0.87,2026-05-13 16:33:31
EVT-000248,VEN-0002660,PROD-00186,CLI-009148,Ropa,yape,Piura,2,6448.77,0.71,2026-05-13 16:33:31
EVT-000249,VEN-0027596,PROD-00108,CLI-005151,Electronica,yape,Trujillo,3,5864.95,0.9,2026-05-13 16:33:31
EVT-000250,VEN-0033155,PROD-00121,CLI-009675,Ropa,efectivo,Cusco,5,1427.74,0.43,2026-05-13 16:33:32
EVT-000251,VEN-0027156,PROD-00271,CLI-003961,Electronica,yape,Trujillo,1,479.4,0.26,2026-05-13 16:33:32
EVT-000252,VEN-0023408,PROD-00184,CLI-003317,Deportes,yape,Piura,4,15569.52,0.82,2026-05-13 16:33:32
EVT-000253,VEN-0015665,PROD-00241,CLI-004999,Ropa,yape,Lima,3,13774.34,0.65,2026-05-13 16:33:32
EVT-000254,VEN-0004741,PROD-00322,CLI-005103,Ropa,tarjeta,Piura,5,6136.1,0.81,2026-05-13 16:33:32
EVT-000255,VEN-0008759,PROD-00019,CLI-002282,Tecnologia,efectivo,Lima,3,6919.8,0.62,2026-05-13 16:33:32
EVT-000256,VEN-0032134,PROD-00421,CLI-003632,Electronica,efectivo,Lima,1,1920.17,0.51,2026-05-13 16:33:32
EVT-000257,VEN-0031181,PROD-00204,CLI-005908,Deportes,efectivo,Lima,1,1928.3,0.4,2026-05-13 16:33:32
EVT-000258,VEN-0027147,PROD-00057,CLI-008082,Deportes,efectivo,Trujillo,2,6727.17,0.82,2026-05-13 16:33:32
EVT-000259,VEN-0028916,PROD-00467,CLI-006242,Ropa,efectivo,Arequipa,2,7822.34,0.63,2026-05-13 16:33:32
EVT-000260,VEN-0023884,PROD-00224,CLI-008626,Hogar,efectivo,Trujillo,2,6606.05,0.69,2026-05-13 16:33:33
EVT-000261,VEN-0020836,PROD-00434,CLI-001571,Deportes,tarjeta,Piura,3,6869.34,0.68,2026-05-13 16:33:33
EVT-000262,VEN-0015605,PROD-00149,CLI-001629,Hogar,tarjeta,Lima,4,10162.63,0.64,2026-05-13 16:33:33
EVT-000263,VEN-0021697,PROD-00134,CLI-002489,Hogar,efectivo,Cusco,3,11277.79,0.68,2026-05-13 16:33:33
EVT-000264,VEN-0044508,PROD-00071,CLI-009964,Deportes,yape,Trujillo,4,10942.04,0.66,2026-05-13 16:33:33
EVT-000265,VEN-0011878,PROD-00147,CLI-004850,Tecnologia,yape,Cusco,5,18770.44,0.9,2026-05-13 16:33:33
EVT-000266,VEN-0039968,PROD-00366,CLI-005436,Hogar,yape,Lima,2,8134.47,0.61,2026-05-13 16:33:33
EVT-000267,VEN-0025430,PROD-00488,CLI-003683,Deportes,tarjeta,Lima,1,1520.79,0.29,2026-05-13 16:33:33
EVT-000268,VEN-0042701,PROD-00071,CLI-005017,Deportes,efectivo,Lima,3,8045.96,0.83,2026-05-13 16:33:33
EVT-000269,VEN-0035201,PROD-00174,CLI-000280,Electronica,plin,Lima,3,2736.99,0.44,2026-05-13 16:33:33
EVT-000270,VEN-0029674,PROD-00180,CLI-008687,Hogar,tarjeta,Arequipa,2,949.0,0.53,2026-05-13 16:33:34
EVT-000271,VEN-0012440,PROD-00049,CLI-001834,Deportes,plin,Trujillo,2,1322.0,0.34,2026-05-13 16:33:34
EVT-000272,VEN-0040413,PROD-00165,CLI-009004,Electronica,plin,Piura,2,1280.13,0.25,2026-05-13 16:33:34
EVT-000273,VEN-0009513,PROD-00278,CLI-001120,Deportes,efectivo,Piura,4,13328.39,0.73,2026-05-13 16:33:34
EVT-000274,VEN-0029410,PROD-00274,CLI-000910,Electronica,efectivo,Cusco,2,4073.77,0.65,2026-05-13 16:33:34
EVT-000275,VEN-0046060,PROD-00104,CLI-008803,Hogar,yape,Cusco,1,3205.98,0.91,2026-05-13 16:33:34
EVT-000276,VEN-0034411,PROD-00498,CLI-009071,Hogar,efectivo,Arequipa,3,6232.13,0.95,2026-05-13 16:33:34
EVT-000277,VEN-0037866,PROD-00359,CLI-009319,Electronica,efectivo,Piura,4,2618.52,0.57,2026-05-13 16:33:34
EVT-000278,VEN-0024769,PROD-00066,CLI-002092,Electronica,plin,Piura,1,4153.63,0.88,2026-05-13 16:33:34
EVT-000279,VEN-0014254,PROD-00277,CLI-006891,Hogar,yape,Lima,4,6710.78,0.76,2026-05-13 16:33:35
EVT-000280,VEN-0019619,PROD-00427,CLI-002282,Deportes,plin,Lima,3,4981.86,0.73,2026-05-13 16:33:35
EVT-000281,VEN-0041356,PROD-00115,CLI-002721,Tecnologia,yape,Cusco,1,194.07,0.07,2026-05-13 16:33:35
EVT-000282,VEN-0048429,PROD-00469,CLI-005530,Tecnologia,tarjeta,Piura,5,620.13,0.59,2026-05-13 16:33:35
EVT-000283,VEN-0000666,PROD-00105,CLI-004291,Tecnologia,tarjeta,Cusco,4,6100.41,0.76,2026-05-13 16:33:35
EVT-000284,VEN-0008914,PROD-00170,CLI-000862,Hogar,tarjeta,Cusco,1,4260.19,0.89,2026-05-13 16:33:35
EVT-000285,VEN-0035162,PROD-00010,CLI-002446,Deportes,tarjeta,Cusco,2,6720.89,0.76,2026-05-13 16:33:35
EVT-000286,VEN-0030316,PROD-00227,CLI-005699,Electronica,yape,Trujillo,1,1178.17,0.27,2026-05-13 16:33:35
EVT-000287,VEN-0033332,PROD-00128,CLI-008209,Hogar,tarjeta,Lima,3,8910.39,0.74,2026-05-13 16:33:35
EVT-000288,VEN-0046056,PROD-00330,CLI-007787,Hogar,efectivo,Arequipa,5,4891.91,0.85,2026-05-13 16:33:35
EVT-000289,VEN-0042603,PROD-00065,CLI-009155,Electronica,tarjeta,Trujillo,3,5671.5,0.75,2026-05-13 16:33:36
EVT-000290,VEN-0021733,PROD-00131,CLI-000039,Ropa,efectivo,Lima,4,646.15,0.34,2026-05-13 16:33:36
EVT-000291,VEN-0028494,PROD-00235,CLI-004511,Ropa,tarjeta,Piura,4,4982.04,0.64,2026-05-13 16:33:36
EVT-000292,VEN-0020387,PROD-00016,CLI-000344,Tecnologia,plin,Cusco,4,5789.03,0.84,2026-05-13 16:33:36
EVT-000293,VEN-0018974,PROD-00028,CLI-005667,Deportes,yape,Arequipa,1,696.15,0.56,2026-05-13 16:33:36
EVT-000294,VEN-0031414,PROD-00377,CLI-008083,Hogar,yape,Arequipa,2,3610.11,0.76,2026-05-13 16:33:36
EVT-000295,VEN-0016856,PROD-00259,CLI-004164,Tecnologia,plin,Piura,2,628.89,0.29,2026-05-13 16:33:36
EVT-000296,VEN-0026696,PROD-00385,CLI-002829,Ropa,efectivo,Cusco,1,3670.52,0.79,2026-05-13 16:33:36
EVT-000297,VEN-0030131,PROD-00468,CLI-005859,Ropa,plin,Cusco,4,8079.31,0.88,2026-05-13 16:33:36
EVT-000298,VEN-0025535,PROD-00359,CLI-002268,Electronica,yape,Arequipa,1,697.43,0.29,2026-05-13 16:33:36
EVT-000299,VEN-0006447,PROD-00005,CLI-006809,Tecnologia,efectivo,Trujillo,1,2438.45,0.35,2026-05-13 16:33:37
EVT-000300,VEN-0040609,PROD-00149,CLI-004535,Hogar,efectivo,Arequipa,5,13472.81,0.63,2026-05-13 16:33:37
EVT-000301,VEN-0014548,PROD-00012,CLI-003709,Ropa,efectivo,Lima,4,15458.61,0.69,2026-05-13 16:33:37
EVT-000302,VEN-0038790,PROD-00064,CLI-002210,Hogar,tarjeta,Arequipa,4,7542.33,0.65,2026-05-13 16:33:37
EVT-000303,VEN-0046768,PROD-00085,CLI-008566,Deportes,yape,Trujillo,2,3007.33,0.9,2026-05-13 16:33:37
EVT-000304,VEN-0040541,PROD-00302,CLI-008053,Deportes,tarjeta,Trujillo,2,4994.89,0.86,2026-05-13 16:33:37
EVT-000305,VEN-0022369,PROD-00141,CLI-003803,Tecnologia,tarjeta,Cusco,1,396.05,0.22,2026-05-13 16:33:37
EVT-000306,VEN-0021108,PROD-00451,CLI-002792,Ropa,efectivo,Piura,1,2254.04,0.35,2026-05-13 16:33:37
EVT-000307,VEN-0048684,PROD-00358,CLI-007419,Ropa,efectivo,Arequipa,2,1708.61,0.54,2026-05-13 16:33:37
EVT-000308,VEN-0039203,PROD-00451,CLI-004923,Ropa,yape,Lima,1,2492.89,0.47,2026-05-13 16:33:37
EVT-000309,VEN-0044183,PROD-00226,CLI-009811,Tecnologia,efectivo,Arequipa,2,5489.46,0.87,2026-05-13 16:33:38
EVT-000310,VEN-0021043,PROD-00479,CLI-009040,Electronica,plin,Trujillo,5,18615.22,0.86,2026-05-13 16:33:38
EVT-000311,VEN-0017450,PROD-00389,CLI-009623,Ropa,yape,Piura,4,2913.56,0.34,2026-05-13 16:33:38
EVT-000312,VEN-0043746,PROD-00247,CLI-004251,Tecnologia,plin,Lima,4,9883.96,0.76,2026-05-13 16:33:38
EVT-000313,VEN-0019053,PROD-00429,CLI-007787,Hogar,plin,Arequipa,5,9517.1,0.91,2026-05-13 16:33:38
EVT-000314,VEN-0001375,PROD-00391,CLI-003093,Ropa,plin,Lima,1,2949.31,0.39,2026-05-13 16:33:38
EVT-000315,VEN-0048449,PROD-00408,CLI-001181,Hogar,efectivo,Piura,5,381.81,0.23,2026-05-13 16:33:38
EVT-000316,VEN-0049581,PROD-00200,CLI-000424,Deportes,yape,Arequipa,1,1241.5,0.48,2026-05-13 16:33:38
EVT-000317,VEN-0037722,PROD-00101,CLI-001125,Electronica,efectivo,Lima,5,17228.48,0.92,2026-05-13 16:33:38
EVT-000318,VEN-0033142,PROD-00337,CLI-007263,Electronica,tarjeta,Cusco,1,4727.63,0.69,2026-05-13 16:33:38
EVT-000319,VEN-0020078,PROD-00256,CLI-007608,Tecnologia,tarjeta,Trujillo,2,1842.63,0.55,2026-05-13 16:33:39
EVT-000320,VEN-0040154,PROD-00119,CLI-008982,Tecnologia,plin,Cusco,2,6325.53,0.78,2026-05-13 16:33:39
EVT-000321,VEN-0022714,PROD-00419,CLI-005346,Deportes,yape,Arequipa,1,2901.44,0.43,2026-05-13 16:33:39
EVT-000322,VEN-0002405,PROD-00097,CLI-000945,Electronica,tarjeta,Piura,3,9263.57,0.92,2026-05-13 16:33:39
EVT-000323,VEN-0019737,PROD-00427,CLI-000395,Deportes,plin,Piura,1,1680.71,0.28,2026-05-13 16:33:39
EVT-000324,VEN-0017344,PROD-00367,CLI-000402,Tecnologia,yape,Piura,4,11900.61,0.79,2026-05-13 16:33:39
EVT-000325,VEN-0026862,PROD-00400,CLI-003788,Deportes,yape,Lima,4,12573.96,0.87,2026-05-13 16:33:39
EVT-000326,VEN-0048803,PROD-00138,CLI-002892,Electronica,yape,Arequipa,2,176.85,0.08,2026-05-13 16:33:39
EVT-000327,VEN-0010782,PROD-00112,CLI-005625,Tecnologia,yape,Piura,4,11301.44,0.61,2026-05-13 16:33:39
EVT-000328,VEN-0046610,PROD-00483,CLI-005420,Deportes,plin,Lima,2,356.31,0.13,2026-05-13 16:33:40
EVT-000329,VEN-0016291,PROD-00419,CLI-001490,Deportes,yape,Cusco,5,14644.98,0.9,2026-05-13 16:33:40
EVT-000330,VEN-0009123,PROD-00108,CLI-002867,Electronica,efectivo,Trujillo,5,9044.37,0.92,2026-05-13 16:33:40
EVT-000331,VEN-0026572,PROD-00175,CLI-003882,Hogar,yape,Trujillo,3,2491.6,0.3,2026-05-13 16:33:40
EVT-000332,VEN-0024274,PROD-00069,CLI-006504,Ropa,tarjeta,Lima,2,6648.69,0.93,2026-05-13 16:33:40
EVT-000333,VEN-0036324,PROD-00212,CLI-005338,Hogar,yape,Arequipa,3,4966.37,0.64,2026-05-13 16:33:40
EVT-000334,VEN-0018172,PROD-00187,CLI-004961,Tecnologia,efectivo,Piura,2,3258.75,0.74,2026-05-13 16:33:40
EVT-000335,VEN-0038209,PROD-00199,CLI-003393,Electronica,plin,Cusco,2,3165.1,0.8,2026-05-13 16:33:40
EVT-000336,VEN-0011242,PROD-00497,CLI-005745,Ropa,yape,Arequipa,1,157.05,0.12,2026-05-13 16:33:40
EVT-000337,VEN-0020915,PROD-00126,CLI-001851,Tecnologia,yape,Cusco,5,21836.23,0.83,2026-05-13 16:33:40
EVT-000338,VEN-0024635,PROD-00408,CLI-000373,Hogar,efectivo,Trujillo,3,249.56,0.11,2026-05-13 16:33:41
EVT-000339,VEN-0035894,PROD-00388,CLI-005807,Deportes,yape,Arequipa,3,3251.16,0.61,2026-05-13 16:33:41
EVT-000340,VEN-0006562,PROD-00465,CLI-001243,Ropa,yape,Piura,5,401.24,0.23,2026-05-13 16:33:41
EVT-000341,VEN-0030502,PROD-00389,CLI-009397,Ropa,yape,Piura,3,2498.25,0.5,2026-05-13 16:33:41
EVT-000342,VEN-0009749,PROD-00146,CLI-001735,Hogar,tarjeta,Arequipa,1,2270.74,0.4,2026-05-13 16:33:41
EVT-000343,VEN-0018774,PROD-00028,CLI-009710,Deportes,plin,Cusco,3,2057.66,0.46,2026-05-13 16:33:41
EVT-000344,VEN-0003141,PROD-00195,CLI-002768,Deportes,plin,Piura,3,11231.18,0.92,2026-05-13 16:33:41
EVT-000345,VEN-0024229,PROD-00272,CLI-002509,Ropa,efectivo,Trujillo,4,5992.82,0.78,2026-05-13 16:33:41
EVT-000346,VEN-0010665,PROD-00486,CLI-004015,Tecnologia,efectivo,Piura,5,14434.5,0.69,2026-05-13 16:33:41
EVT-000347,VEN-0013310,PROD-00390,CLI-000336,Hogar,yape,Arequipa,1,1778.73,0.29,2026-05-13 16:33:41
EVT-000348,VEN-0011874,PROD-00132,CLI-005603,Hogar,tarjeta,Trujillo,2,3427.34,0.66,2026-05-13 16:33:42
EVT-000349,VEN-0021978,PROD-00427,CLI-001207,Deportes,plin,Trujillo,4,6450.67,0.69,2026-05-13 16:33:42
EVT-000350,VEN-0016873,PROD-00345,CLI-002373,Deportes,efectivo,Cusco,3,10488.73,0.7,2026-05-13 16:33:42
EVT-000351,VEN-0006218,PROD-00061,CLI-002454,Hogar,tarjeta,Trujillo,3,12759.94,0.66,2026-05-13 16:33:42
EVT-000352,VEN-0038371,PROD-00151,CLI-003942,Ropa,plin,Arequipa,2,4066.94,0.9,2026-05-13 16:33:42
EVT-000353,VEN-0012150,PROD-00242,CLI-004988,Electronica,efectivo,Trujillo,1,3750.67,0.65,2026-05-13 16:33:42
EVT-000354,VEN-0026078,PROD-00386,CLI-005749,Tecnologia,efectivo,Arequipa,1,2402.59,0.47,2026-05-13 16:33:42
EVT-000355,VEN-0011679,PROD-00315,CLI-002661,Hogar,tarjeta,Cusco,1,2840.64,0.28,2026-05-13 16:33:42
EVT-000356,VEN-0042015,PROD-00297,CLI-004500,Electronica,plin,Trujillo,3,6646.02,0.92,2026-05-13 16:33:42
EVT-000357,VEN-0030149,PROD-00418,CLI-006048,Electronica,efectivo,Trujillo,2,2135.16,0.25,2026-05-13 16:33:42
EVT-000358,VEN-0010528,PROD-00202,CLI-007191,Tecnologia,yape,Trujillo,3,10527.36,0.75,2026-05-13 16:33:43
EVT-000359,VEN-0020225,PROD-00216,CLI-000385,Hogar,tarjeta,Arequipa,3,8250.45,0.9,2026-05-13 16:33:43
EVT-000360,VEN-0039089,PROD-00209,CLI-006028,Ropa,tarjeta,Lima,5,15616.05,0.65,2026-05-13 16:33:43
EVT-000361,VEN-0044145,PROD-00478,CLI-002645,Tecnologia,plin,Cusco,1,259.76,0.2,2026-05-13 16:33:43
EVT-000362,VEN-0024911,PROD-00037,CLI-005007,Tecnologia,yape,Trujillo,2,8179.81,0.8,2026-05-13 16:33:43
EVT-000363,VEN-0034811,PROD-00153,CLI-005301,Tecnologia,efectivo,Trujillo,3,4564.29,0.81,2026-05-13 16:33:43
EVT-000364,VEN-0023432,PROD-00041,CLI-002770,Electronica,tarjeta,Arequipa,4,16623.1,0.71,2026-05-13 16:33:43
EVT-000365,VEN-0046024,PROD-00159,CLI-008378,Ropa,plin,Trujillo,3,1912.05,0.38,2026-05-13 16:33:43
EVT-000366,VEN-0003673,PROD-00290,CLI-009530,Deportes,efectivo,Piura,3,11763.09,0.69,2026-05-13 16:33:43
EVT-000367,VEN-0042434,PROD-00407,CLI-009171,Ropa,efectivo,Piura,3,10580.0,0.88,2026-05-13 16:33:43
EVT-000368,VEN-0026249,PROD-00026,CLI-007375,Electronica,tarjeta,Trujillo,3,14167.92,0.67,2026-05-13 16:33:44
EVT-000369,VEN-0037557,PROD-00266,CLI-002229,Electronica,efectivo,Piura,5,6741.81,0.91,2026-05-13 16:33:44
EVT-000370,VEN-0043358,PROD-00222,CLI-005761,Hogar,efectivo,Lima,5,8239.9,0.94,2026-05-13 16:33:44
EVT-000371,VEN-0021367,PROD-00063,CLI-001462,Deportes,plin,Lima,5,19126.99,0.92,2026-05-13 16:33:44
EVT-000372,VEN-0001668,PROD-00126,CLI-001937,Tecnologia,efectivo,Piura,2,8653.99,0.9,2026-05-13 16:33:44
EVT-000373,VEN-0002523,PROD-00307,CLI-004960,Ropa,efectivo,Piura,5,537.72,0.39,2026-05-13 16:33:44
EVT-000374,VEN-0014751,PROD-00492,CLI-008309,Hogar,tarjeta,Lima,3,11081.0,0.87,2026-05-13 16:33:44
EVT-000375,VEN-0033341,PROD-00359,CLI-007377,Electronica,yape,Arequipa,1,698.33,0.54,2026-05-13 16:33:44
EVT-000376,VEN-0047660,PROD-00454,CLI-008659,Tecnologia,tarjeta,Trujillo,2,4340.12,0.61,2026-05-13 16:33:44
EVT-000377,VEN-0018381,PROD-00222,CLI-008282,Hogar,plin,Trujillo,4,6386.25,0.8,2026-05-13 16:33:45
EVT-000378,VEN-0047981,PROD-00327,CLI-001430,Hogar,yape,Arequipa,1,2269.43,0.53,2026-05-13 16:33:45
EVT-000379,VEN-0029056,PROD-00159,CLI-008111,Ropa,plin,Trujillo,1,675.2,0.42,2026-05-13 16:33:45
EVT-000380,VEN-0009193,PROD-00233,CLI-006777,Ropa,yape,Lima,3,11344.09,0.63,2026-05-13 16:33:45
EVT-000381,VEN-0019191,PROD-00100,CLI-009858,Ropa,tarjeta,Lima,1,3327.27,0.68,2026-05-13 16:33:45
EVT-000382,VEN-0041762,PROD-00460,CLI-007045,Electronica,yape,Trujillo,2,6504.94,0.85,2026-05-13 16:33:45
EVT-000383,VEN-0031357,PROD-00497,CLI-000092,Ropa,efectivo,Cusco,1,157.52,0.26,2026-05-13 16:33:45
EVT-000384,VEN-0005023,PROD-00272,CLI-009361,Ropa,efectivo,Trujillo,2,3002.93,0.85,2026-05-13 16:33:45
EVT-000385,VEN-0006986,PROD-00310,CLI-006415,Ropa,plin,Arequipa,4,13505.4,0.94,2026-05-13 16:33:45
EVT-000386,VEN-0022294,PROD-00386,CLI-003183,Tecnologia,yape,Piura,4,9560.11,0.84,2026-05-13 16:33:45
EVT-000387,VEN-0013061,PROD-00038,CLI-005644,Hogar,tarjeta,Cusco,3,3912.54,0.68,2026-05-13 16:33:46
EVT-000388,VEN-0036445,PROD-00461,CLI-003438,Deportes,plin,Lima,3,8579.35,0.67,2026-05-13 16:33:46
EVT-000389,VEN-0003950,PROD-00064,CLI-006704,Hogar,tarjeta,Piura,3,5635.03,0.67,2026-05-13 16:33:46
EVT-000390,VEN-0044682,PROD-00080,CLI-005371,Electronica,plin,Piura,2,1201.39,0.44,2026-05-13 16:33:46
EVT-000391,VEN-0016027,PROD-00107,CLI-002845,Hogar,tarjeta,Piura,2,2431.66,0.28,2026-05-13 16:33:46
EVT-000392,VEN-0022892,PROD-00439,CLI-006304,Ropa,plin,Cusco,4,17720.11,0.64,2026-05-13 16:33:46
EVT-000393,VEN-0041230,PROD-00234,CLI-008825,Deportes,yape,Arequipa,2,1312.09,0.38,2026-05-13 16:33:46
EVT-000394,VEN-0011646,PROD-00150,CLI-004119,Ropa,tarjeta,Cusco,5,19429.7,0.77,2026-05-13 16:33:46
EVT-000395,VEN-0045609,PROD-00224,CLI-008010,Hogar,tarjeta,Lima,3,9302.91,0.86,2026-05-13 16:33:46
EVT-000396,VEN-0017898,PROD-00002,CLI-003726,Tecnologia,yape,Cusco,5,13810.41,0.93,2026-05-13 16:33:46
EVT-000397,VEN-0047509,PROD-00025,CLI-007860,Tecnologia,efectivo,Piura,4,4095.23,0.79,2026-05-13 16:33:47
EVT-000398,VEN-0021322,PROD-00146,CLI-008896,Hogar,plin,Trujillo,2,4461.28,0.8,2026-05-13 16:33:47
EVT-000399,VEN-0031883,PROD-00085,CLI-008957,Deportes,tarjeta,Lima,3,4076.87,0.69,2026-05-13 16:33:47
EVT-000400,VEN-0039262,PROD-00200,CLI-008021,Deportes,efectivo,Cusco,1,1310.09,0.29,2026-05-13 16:33:47
EVT-000401,VEN-0036435,PROD-00286,CLI-009423,Hogar,plin,Piura,1,4362.4,0.75,2026-05-13 16:33:47
EVT-000402,VEN-0001642,PROD-00482,CLI-003719,Tecnologia,efectivo,Lima,3,11740.3,0.65,2026-05-13 16:33:47
EVT-000403,VEN-0005180,PROD-00171,CLI-001105,Electronica,efectivo,Lima,1,3949.37,0.65,2026-05-13 16:33:47
EVT-000404,VEN-0021538,PROD-00032,CLI-008916,Ropa,efectivo,Piura,1,2660.63,0.31,2026-05-13 16:33:47
EVT-000405,VEN-0042701,PROD-00071,CLI-005017,Deportes,efectivo,Lima,3,8045.96,0.63,2026-05-13 16:33:47
EVT-000406,VEN-0004525,PROD-00143,CLI-004033,Tecnologia,plin,Lima,5,18937.23,0.85,2026-05-13 16:33:47
EVT-000407,VEN-0037289,PROD-00329,CLI-002147,Deportes,tarjeta,Trujillo,2,3626.38,0.75,2026-05-13 16:33:48
EVT-000408,VEN-0012624,PROD-00380,CLI-000062,Deportes,yape,Piura,3,10977.99,0.82,2026-05-13 16:33:48
EVT-000409,VEN-0028835,PROD-00069,CLI-003663,Ropa,plin,Trujillo,3,9644.83,0.88,2026-05-13 16:33:48
EVT-000410,VEN-0047943,PROD-00235,CLI-005624,Ropa,plin,Arequipa,1,1130.24,0.38,2026-05-13 16:33:48
EVT-000411,VEN-0013903,PROD-00285,CLI-007578,Hogar,efectivo,Cusco,1,879.42,0.53,2026-05-13 16:33:48
EVT-000412,VEN-0009763,PROD-00160,CLI-006087,Electronica,yape,Arequipa,4,19607.72,0.64,2026-05-13 16:33:48
EVT-000413,VEN-0024104,PROD-00500,CLI-006219,Electronica,tarjeta,Cusco,4,7365.29,0.73,2026-05-13 16:33:48
EVT-000414,VEN-0008448,PROD-00079,CLI-002165,Hogar,efectivo,Arequipa,1,2427.16,0.56,2026-05-13 16:33:48
EVT-000415,VEN-0006469,PROD-00242,CLI-006531,Electronica,plin,Trujillo,5,18760.02,0.78,2026-05-13 16:33:48
EVT-000416,VEN-0003105,PROD-00001,CLI-003394,Electronica,tarjeta,Trujillo,3,4772.85,0.72,2026-05-13 16:33:48
EVT-000417,VEN-0004731,PROD-00290,CLI-000435,Deportes,tarjeta,Piura,4,16734.11,0.77,2026-05-13 16:33:49
EVT-000418,VEN-0012264,PROD-00408,CLI-004080,Hogar,plin,Arequipa,1,76.76,0.27,2026-05-13 16:33:49
EVT-000419,VEN-0020300,PROD-00060,CLI-001297,Tecnologia,plin,Piura,1,1422.8,0.25,2026-05-13 16:33:49
EVT-000420,VEN-0015455,PROD-00206,CLI-007669,Electronica,efectivo,Piura,4,13565.4,0.66,2026-05-13 16:33:49
EVT-000421,VEN-0009753,PROD-00343,CLI-008355,Tecnologia,efectivo,Piura,3,2258.3,0.33,2026-05-13 16:33:49
EVT-000422,VEN-0029286,PROD-00492,CLI-005288,Hogar,plin,Piura,1,3359.0,0.71,2026-05-13 16:33:49
EVT-000423,VEN-0021729,PROD-00072,CLI-004966,Hogar,tarjeta,Cusco,4,3053.06,0.72,2026-05-13 16:33:49
EVT-000424,VEN-0042335,PROD-00049,CLI-007711,Deportes,efectivo,Lima,3,1947.72,0.43,2026-05-13 16:33:49
EVT-000425,VEN-0028830,PROD-00355,CLI-002919,Hogar,plin,Arequipa,4,17157.3,0.92,2026-05-13 16:33:49
EVT-000426,VEN-0046960,PROD-00222,CLI-000627,Hogar,yape,Cusco,1,1460.01,0.39,2026-05-13 16:33:49
EVT-000427,VEN-0036371,PROD-00149,CLI-008932,Hogar,plin,Piura,4,11180.1,0.71,2026-05-13 16:33:50
EVT-000428,VEN-0043577,PROD-00004,CLI-004804,Tecnologia,tarjeta,Arequipa,5,14326.01,0.8,2026-05-13 16:33:50
EVT-000429,VEN-0036304,PROD-00118,CLI-002436,Electronica,tarjeta,Lima,1,3016.25,0.75,2026-05-13 16:33:50
EVT-000430,VEN-0008820,PROD-00138,CLI-003570,Electronica,yape,Piura,2,197.58,0.27,2026-05-13 16:33:50
EVT-000431,VEN-0048266,PROD-00163,CLI-000954,Deportes,plin,Cusco,4,7412.44,0.8,2026-05-13 16:33:50
EVT-000432,VEN-0004668,PROD-00007,CLI-008185,Deportes,efectivo,Lima,3,3533.76,0.76,2026-05-13 16:33:50
EVT-000433,VEN-0024374,PROD-00008,CLI-003137,Electronica,yape,Cusco,3,1489.47,0.41,2026-05-13 16:33:50
EVT-000434,VEN-0018629,PROD-00491,CLI-000880,Deportes,plin,Trujillo,2,7352.64,0.71,2026-05-13 16:33:50
EVT-000435,VEN-0032995,PROD-00387,CLI-007027,Hogar,plin,Cusco,1,4863.8,0.92,2026-05-13 16:33:50
EVT-000436,VEN-0035651,PROD-00075,CLI-008670,Electronica,tarjeta,Cusco,5,12737.18,0.61,2026-05-13 16:33:51
EVT-000437,VEN-0039579,PROD-00158,CLI-008815,Ropa,yape,Cusco,2,3223.63,0.94,2026-05-13 16:33:51
EVT-000438,VEN-0011750,PROD-00455,CLI-006646,Tecnologia,yape,Lima,1,1453.96,0.37,2026-05-13 16:33:51
EVT-000439,VEN-0035628,PROD-00059,CLI-008127,Tecnologia,yape,Trujillo,4,2619.61,0.43,2026-05-13 16:33:51
EVT-000440,VEN-0001968,PROD-00203,CLI-000252,Ropa,efectivo,Trujillo,5,13729.83,0.69,2026-05-13 16:33:51
EVT-000441,VEN-0016658,PROD-00041,CLI-003063,Electronica,yape,Lima,1,3992.37,0.65,2026-05-13 16:33:51
EVT-000442,VEN-0048078,PROD-00253,CLI-009886,Deportes,tarjeta,Cusco,3,1895.54,0.28,2026-05-13 16:33:51
EVT-000443,VEN-0023450,PROD-00469,CLI-000380,Tecnologia,plin,Piura,4,463.22,0.2,2026-05-13 16:33:51
EVT-000444,VEN-0038836,PROD-00450,CLI-003022,Ropa,efectivo,Lima,2,328.71,0.22,2026-05-13 16:33:51
EVT-000445,VEN-0042571,PROD-00459,CLI-001130,Ropa,tarjeta,Lima,1,3620.11,0.83,2026-05-13 16:33:51
EVT-000446,VEN-0047347,PROD-00418,CLI-009050,Electronica,plin,Piura,1,953.93,0.32,2026-05-13 16:33:52
EVT-000447,VEN-0001010,PROD-00394,CLI-005336,Ropa,efectivo,Trujillo,4,6724.75,0.82,2026-05-13 16:33:52
EVT-000448,VEN-0014273,PROD-00205,CLI-001282,Ropa,tarjeta,Cusco,4,13420.24,0.88,2026-05-13 16:33:52
EVT-000449,VEN-0017114,PROD-00457,CLI-009509,Hogar,plin,Arequipa,5,138.68,0.25,2026-05-13 16:33:52
EVT-000450,VEN-0014832,PROD-00236,CLI-001056,Deportes,tarjeta,Trujillo,4,3705.64,0.75,2026-05-13 16:33:52
EVT-000451,VEN-0012853,PROD-00394,CLI-003495,Ropa,plin,Cusco,5,8589.64,0.79,2026-05-13 16:33:52
EVT-000452,VEN-0024380,PROD-00424,CLI-001794,Hogar,plin,Cusco,5,10485.35,0.9,2026-05-13 16:33:52
EVT-000453,VEN-0010994,PROD-00203,CLI-006074,Ropa,tarjeta,Lima,2,5292.72,0.95,2026-05-13 16:33:52
EVT-000454,VEN-0038654,PROD-00301,CLI-002613,Tecnologia,efectivo,Piura,5,1093.67,0.56,2026-05-13 16:33:52
EVT-000455,VEN-0015106,PROD-00408,CLI-002947,Hogar,plin,Trujillo,3,257.23,0.21,2026-05-13 16:33:52
EVT-000456,VEN-0016017,PROD-00109,CLI-007102,Ropa,yape,Arequipa,5,9520.61,0.73,2026-05-13 16:33:53
EVT-000457,VEN-0045192,PROD-00313,CLI-003658,Hogar,tarjeta,Lima,4,9790.46,0.91,2026-05-13 16:33:53
EVT-000458,VEN-0026959,PROD-00125,CLI-005298,Ropa,efectivo,Trujillo,1,2922.46,0.37,2026-05-13 16:33:53
EVT-000459,VEN-0033520,PROD-00439,CLI-000033,Ropa,efectivo,Cusco,2,8281.42,0.75,2026-05-13 16:33:53
EVT-000460,VEN-0000428,PROD-00047,CLI-009239,Ropa,efectivo,Piura,5,21521.02,0.9,2026-05-13 16:33:53
EVT-000461,VEN-0018977,PROD-00232,CLI-003879,Deportes,yape,Piura,3,3375.68,0.81,2026-05-13 16:33:53
EVT-000462,VEN-0009186,PROD-00443,CLI-008430,Hogar,tarjeta,Cusco,5,8044.27,0.79,2026-05-13 16:33:53
EVT-000463,VEN-0019249,PROD-00175,CLI-002827,Hogar,efectivo,Piura,3,2452.22,0.26,2026-05-13 16:33:53
EVT-000464,VEN-0043666,PROD-00195,CLI-005713,Deportes,plin,Cusco,5,19221.6,0.82,2026-05-13 16:33:53
EVT-000465,VEN-0025798,PROD-00040,CLI-003921,Deportes,efectivo,Piura,2,7129.4,0.62,2026-05-13 16:33:53
EVT-000466,VEN-0047343,PROD-00149,CLI-000668,Hogar,tarjeta,Trujillo,3,7708.84,0.74,2026-05-13 16:33:54
EVT-000467,VEN-0042598,PROD-00499,CLI-004852,Ropa,plin,Piura,1,1952.1,0.38,2026-05-13 16:33:54
EVT-000468,VEN-0006660,PROD-00198,CLI-008579,Deportes,tarjeta,Trujillo,4,4755.57,0.63,2026-05-13 16:33:54
EVT-000469,VEN-0007559,PROD-00434,CLI-002036,Deportes,efectivo,Piura,4,9119.26,0.77,2026-05-13 16:33:54
EVT-000470,VEN-0005043,PROD-00275,CLI-001743,Hogar,efectivo,Cusco,4,16463.92,0.78,2026-05-13 16:33:54
EVT-000471,VEN-0026807,PROD-00116,CLI-000329,Ropa,yape,Trujillo,3,7833.85,0.8,2026-05-13 16:33:54
EVT-000472,VEN-0038026,PROD-00415,CLI-006609,Deportes,plin,Piura,2,9911.25,0.81,2026-05-13 16:33:54
EVT-000473,VEN-0040772,PROD-00272,CLI-003479,Ropa,efectivo,Cusco,3,4398.67,0.71,2026-05-13 16:33:54
EVT-000474,VEN-0037031,PROD-00141,CLI-008325,Tecnologia,plin,Trujillo,5,2016.29,0.47,2026-05-13 16:33:54
EVT-000475,VEN-0004781,PROD-00427,CLI-007966,Deportes,efectivo,Arequipa,3,4544.22,0.81,2026-05-13 16:33:54
EVT-000476,VEN-0013596,PROD-00103,CLI-002295,Electronica,plin,Piura,4,14379.81,0.82,2026-05-13 16:33:55
EVT-000477,VEN-0000922,PROD-00491,CLI-008909,Deportes,efectivo,Lima,3,11321.57,0.89,2026-05-13 16:33:55
EVT-000478,VEN-0028826,PROD-00354,CLI-002252,Ropa,efectivo,Lima,1,338.84,0.2,2026-05-13 16:33:55
EVT-000479,VEN-0008486,PROD-00404,CLI-002041,Tecnologia,efectivo,Piura,2,8539.85,0.77,2026-05-13 16:33:55
EVT-000480,VEN-0017808,PROD-00070,CLI-003306,Ropa,tarjeta,Cusco,1,4016.56,0.87,2026-05-13 16:33:55
EVT-000481,VEN-0017560,PROD-00451,CLI-002955,Ropa,plin,Trujillo,4,9966.12,0.7,2026-05-13 16:33:55
EVT-000482,VEN-0004445,PROD-00408,CLI-006498,Hogar,tarjeta,Piura,4,340.92,0.11,2026-05-13 16:33:55
EVT-000483,VEN-0047394,PROD-00142,CLI-002157,Tecnologia,efectivo,Cusco,1,203.82,0.14,2026-05-13 16:33:55
EVT-000484,VEN-0018026,PROD-00469,CLI-003754,Tecnologia,tarjeta,Arequipa,1,134.92,0.13,2026-05-13 16:33:55
EVT-000485,VEN-0041513,PROD-00114,CLI-003984,Tecnologia,efectivo,Arequipa,4,11831.67,0.64,2026-05-13 16:33:56
EVT-000486,VEN-0014172,PROD-00265,CLI-006066,Tecnologia,yape,Cusco,5,11211.07,0.93,2026-05-13 16:33:56
EVT-000487,VEN-0010867,PROD-00366,CLI-000039,Hogar,yape,Lima,1,4455.73,0.84,2026-05-13 16:33:56
EVT-000488,VEN-0014176,PROD-00412,CLI-004820,Ropa,plin,Arequipa,2,7882.38,0.76,2026-05-13 16:33:56
EVT-000489,VEN-0047937,PROD-00209,CLI-008485,Ropa,tarjeta,Cusco,3,9206.77,0.75,2026-05-13 16:33:56
EVT-000490,VEN-0028009,PROD-00197,CLI-004123,Tecnologia,tarjeta,Cusco,1,2905.79,0.5,2026-05-13 16:33:56
EVT-000491,VEN-0024021,PROD-00289,CLI-002209,Deportes,plin,Lima,2,129.88,0.15,2026-05-13 16:33:56
EVT-000492,VEN-0000975,PROD-00376,CLI-009959,Electronica,efectivo,Piura,1,2208.27,0.37,2026-05-13 16:33:56
EVT-000493,VEN-0037516,PROD-00096,CLI-000585,Tecnologia,efectivo,Piura,3,10645.9,0.66,2026-05-13 16:33:56
EVT-000494,VEN-0029216,PROD-00135,CLI-005929,Tecnologia,yape,Trujillo,1,154.88,0.14,2026-05-13 16:33:56
EVT-000495,VEN-0037595,PROD-00204,CLI-004744,Deportes,tarjeta,Arequipa,5,9746.3,0.83,2026-05-13 16:33:57
EVT-000496,VEN-0049719,PROD-00359,CLI-006715,Electronica,plin,Piura,5,3241.05,0.71,2026-05-13 16:33:57
EVT-000497,VEN-0014862,PROD-00331,CLI-000429,Hogar,efectivo,Arequipa,2,4613.58,0.76,2026-05-13 16:33:57
EVT-000498,VEN-0005286,PROD-00040,CLI-001781,Deportes,plin,Arequipa,3,11383.42,0.63,2026-05-13 16:33:57
EVT-000499,VEN-0042565,PROD-00458,CLI-001902,Tecnologia,plin,Piura,2,5221.61,0.68,2026-05-13 16:33:57
EVT-000500,VEN-0030344,PROD-00070,CLI-005263,Ropa,tarjeta,Arequipa,2,8012.36,0.72,2026-05-13 16:33:57
EVT-000501,VEN-0013833,PROD-00341,CLI-003092,Ropa,tarjeta,Trujillo,1,2945.27,0.38,2026-05-13 16:33:57
EVT-000502,VEN-0019920,PROD-00292,CLI-004127,Electronica,efectivo,Lima,2,7231.84,0.63,2026-05-13 16:33:57
EVT-000503,VEN-0014133,PROD-00373,CLI-006669,Deportes,plin,Arequipa,4,2225.42,0.5,2026-05-13 16:33:57
EVT-000504,VEN-0014893,PROD-00201,CLI-009309,Ropa,yape,Arequipa,4,4374.05,0.86,2026-05-13 16:33:57
EVT-000505,VEN-0002173,PROD-00435,CLI-003959,Deportes,efectivo,Trujillo,1,1599.71,0.58,2026-05-13 16:33:58
EVT-000506,VEN-0002371,PROD-00340,CLI-000332,Electronica,efectivo,Piura,3,4001.22,0.72,2026-05-13 16:33:58
EVT-000507,VEN-0009565,PROD-00052,CLI-007802,Electronica,efectivo,Lima,1,2672.29,0.46,2026-05-13 16:33:58
EVT-000508,VEN-0016113,PROD-00101,CLI-009356,Electronica,plin,Piura,3,11482.26,0.75,2026-05-13 16:33:58
EVT-000509,VEN-0013761,PROD-00319,CLI-009608,Hogar,yape,Cusco,2,3521.23,0.78,2026-05-13 16:33:58
EVT-000510,VEN-0012617,PROD-00411,CLI-005580,Hogar,tarjeta,Arequipa,4,9651.83,0.94,2026-05-13 16:33:58
EVT-000511,VEN-0032844,PROD-00442,CLI-009565,Deportes,tarjeta,Cusco,1,3893.29,0.75,2026-05-13 16:33:58
EVT-000512,VEN-0004670,PROD-00484,CLI-000187,Tecnologia,tarjeta,Trujillo,1,3436.91,0.63,2026-05-13 16:33:58
EVT-000513,VEN-0032665,PROD-00417,CLI-008993,Electronica,plin,Trujillo,4,10842.07,0.79,2026-05-13 16:33:58
EVT-000514,VEN-0011048,PROD-00020,CLI-004491,Deportes,tarjeta,Arequipa,1,2494.5,0.53,2026-05-13 16:33:58
EVT-000515,VEN-0012527,PROD-00144,CLI-007523,Tecnologia,yape,Piura,4,13883.62,0.69,2026-05-13 16:33:59
EVT-000516,VEN-0043861,PROD-00038,CLI-000380,Hogar,tarjeta,Piura,3,3748.08,0.95,2026-05-13 16:33:59
EVT-000517,VEN-0012257,PROD-00166,CLI-006912,Ropa,plin,Cusco,4,9896.59,0.94,2026-05-13 16:33:59
EVT-000518,VEN-0001913,PROD-00224,CLI-001015,Hogar,plin,Trujillo,4,13246.45,0.74,2026-05-13 16:33:59
EVT-000519,VEN-0041774,PROD-00121,CLI-000690,Ropa,yape,Piura,1,290.18,0.28,2026-05-13 16:33:59
EVT-000520,VEN-0007624,PROD-00482,CLI-004284,Tecnologia,yape,Piura,5,20590.46,0.73,2026-05-13 16:33:59
EVT-000521,VEN-0018744,PROD-00257,CLI-003319,Tecnologia,tarjeta,Trujillo,2,6465.08,0.71,2026-05-13 16:33:59
EVT-000522,VEN-0033987,PROD-00209,CLI-005942,Ropa,yape,Cusco,3,8970.45,0.86,2026-05-13 16:33:59
EVT-000523,VEN-0008415,PROD-00323,CLI-000759,Tecnologia,tarjeta,Arequipa,2,293.67,0.14,2026-05-13 16:33:59
EVT-000524,VEN-0010119,PROD-00136,CLI-006284,Tecnologia,tarjeta,Piura,4,12381.82,0.83,2026-05-13 16:33:59
EVT-000525,VEN-0040745,PROD-00265,CLI-009650,Tecnologia,efectivo,Arequipa,5,10462.54,0.79,2026-05-13 16:34:00
EVT-000526,VEN-0026982,PROD-00320,CLI-008743,Tecnologia,tarjeta,Cusco,3,6133.03,0.89,2026-05-13 16:34:00
EVT-000527,VEN-0020120,PROD-00491,CLI-005797,Deportes,efectivo,Cusco,5,19629.71,0.81,2026-05-13 16:34:00
EVT-000528,VEN-0027165,PROD-00271,CLI-000338,Electronica,plin,Trujillo,3,1402.67,0.52,2026-05-13 16:34:00
EVT-000529,VEN-0040994,PROD-00248,CLI-008984,Electronica,plin,Piura,5,23030.23,0.88,2026-05-13 16:34:00
EVT-000530,VEN-0024322,PROD-00408,CLI-008397,Hogar,plin,Trujillo,1,86.19,0.16,2026-05-13 16:34:00
EVT-000531,VEN-0002553,PROD-00458,CLI-008162,Tecnologia,plin,Arequipa,3,8051.78,0.67,2026-05-13 16:34:00
EVT-000532,VEN-0049425,PROD-00325,CLI-000912,Electronica,yape,Arequipa,1,2529.37,0.5,2026-05-13 16:34:00
EVT-000533,VEN-0018301,PROD-00307,CLI-001936,Ropa,efectivo,Cusco,4,378.39,0.17,2026-05-13 16:34:00
EVT-000534,VEN-0036349,PROD-00299,CLI-003083,Tecnologia,yape,Trujillo,5,21003.01,0.77,2026-05-13 16:34:01
EVT-000535,VEN-0041003,PROD-00277,CLI-008893,Hogar,efectivo,Trujillo,5,8913.76,0.83,2026-05-13 16:34:01
EVT-000536,VEN-0001637,PROD-00209,CLI-004797,Ropa,tarjeta,Lima,4,11923.17,0.73,2026-05-13 16:34:01
EVT-000537,VEN-0001729,PROD-00129,CLI-000126,Electronica,tarjeta,Lima,1,590.93,0.39,2026-05-13 16:34:01
EVT-000538,VEN-0040360,PROD-00208,CLI-002580,Tecnologia,plin,Arequipa,3,7005.53,0.83,2026-05-13 16:34:01
EVT-000539,VEN-0006343,PROD-00389,CLI-002592,Ropa,plin,Trujillo,1,804.38,0.45,2026-05-13 16:34:01
EVT-000540,VEN-0043051,PROD-00132,CLI-000170,Hogar,plin,Lima,5,8338.09,0.61,2026-05-13 16:34:01
EVT-000541,VEN-0006940,PROD-00317,CLI-003418,Deportes,efectivo,Arequipa,1,2922.3,0.46,2026-05-13 16:34:01
EVT-000542,VEN-0007072,PROD-00408,CLI-008357,Hogar,efectivo,Trujillo,3,224.32,0.09,2026-05-13 16:34:01
EVT-000543,VEN-0046810,PROD-00379,CLI-003051,Electronica,efectivo,Cusco,5,5639.98,0.83,2026-05-13 16:34:01
EVT-000544,VEN-0026181,PROD-00064,CLI-009702,Hogar,tarjeta,Arequipa,5,9446.16,0.76,2026-05-13 16:34:02
EVT-000545,VEN-0028549,PROD-00219,CLI-007929,Ropa,yape,Trujillo,4,11472.7,0.69,2026-05-13 16:34:02
EVT-000546,VEN-0024705,PROD-00079,CLI-001370,Hogar,tarjeta,Trujillo,1,2381.67,0.56,2026-05-13 16:34:02
EVT-000547,VEN-0037640,PROD-00295,CLI-007222,Electronica,yape,Cusco,4,17770.23,0.75,2026-05-13 16:34:02
EVT-000548,VEN-0048519,PROD-00378,CLI-007955,Electronica,tarjeta,Piura,5,10782.44,0.77,2026-05-13 16:34:02
EVT-000549,VEN-0048765,PROD-00483,CLI-006420,Deportes,tarjeta,Lima,4,796.05,0.39,2026-05-13 16:34:02
EVT-000550,VEN-0016300,PROD-00287,CLI-003634,Electronica,yape,Lima,2,5183.78,0.84,2026-05-13 16:34:02
EVT-000551,VEN-0001038,PROD-00242,CLI-007981,Electronica,plin,Trujillo,1,3695.8,0.83,2026-05-13 16:34:02
EVT-000552,VEN-0043672,PROD-00321,CLI-009430,Ropa,plin,Arequipa,2,2284.34,0.46,2026-05-13 16:34:02
EVT-000553,VEN-0015712,PROD-00485,CLI-009199,Ropa,yape,Lima,3,5677.24,0.61,2026-05-13 16:34:02
EVT-000554,VEN-0031959,PROD-00232,CLI-008306,Deportes,yape,Piura,5,5583.48,0.91,2026-05-13 16:34:03
EVT-000555,VEN-0015808,PROD-00068,CLI-008609,Electronica,efectivo,Trujillo,4,515.86,0.31,2026-05-13 16:34:03
EVT-000556,VEN-0011213,PROD-00413,CLI-002033,Electronica,efectivo,Lima,1,540.95,0.29,2026-05-13 16:34:03
EVT-000557,VEN-0007943,PROD-00400,CLI-005070,Deportes,plin,Cusco,5,16310.11,0.84,2026-05-13 16:34:03
EVT-000558,VEN-0008941,PROD-00207,CLI-000349,Deportes,yape,Cusco,3,13487.88,0.73,2026-05-13 16:34:03
EVT-000559,VEN-0007909,PROD-00149,CLI-008638,Hogar,efectivo,Cusco,3,8360.16,0.72,2026-05-13 16:34:03
EVT-000560,VEN-0019236,PROD-00216,CLI-008580,Hogar,tarjeta,Piura,1,2855.49,0.59,2026-05-13 16:34:03
EVT-000561,VEN-0040426,PROD-00430,CLI-009406,Electronica,efectivo,Piura,2,9111.48,0.7,2026-05-13 16:34:03
EVT-000562,VEN-0036465,PROD-00426,CLI-005177,Hogar,plin,Piura,4,15485.11,0.84,2026-05-13 16:34:03
EVT-000563,VEN-0036537,PROD-00014,CLI-005436,Ropa,efectivo,Lima,1,439.44,0.22,2026-05-13 16:34:03
EVT-000564,VEN-0016748,PROD-00418,CLI-008516,Electronica,tarjeta,Cusco,5,5041.82,0.78,2026-05-13 16:34:04
EVT-000565,VEN-0041289,PROD-00116,CLI-003357,Ropa,efectivo,Piura,1,2931.46,0.27,2026-05-13 16:34:04
EVT-000566,VEN-0023045,PROD-00457,CLI-007473,Hogar,efectivo,Cusco,3,77.26,0.27,2026-05-13 16:34:04
EVT-000567,VEN-0047898,PROD-00021,CLI-001681,Tecnologia,yape,Lima,3,11637.9,0.71,2026-05-13 16:34:04
EVT-000568,VEN-0040064,PROD-00347,CLI-003979,Deportes,tarjeta,Piura,5,2064.46,0.27,2026-05-13 16:34:04
EVT-000569,VEN-0023381,PROD-00097,CLI-002725,Electronica,tarjeta,Trujillo,5,13634.13,0.62,2026-05-13 16:34:04
EVT-000570,VEN-0018865,PROD-00094,CLI-008171,Hogar,efectivo,Cusco,1,4148.83,0.78,2026-05-13 16:34:04
EVT-000571,VEN-0048260,PROD-00064,CLI-000330,Hogar,efectivo,Cusco,4,6752.11,0.88,2026-05-13 16:34:04
EVT-000572,VEN-0013455,PROD-00436,CLI-000473,Electronica,yape,Lima,4,7840.44,0.7,2026-05-13 16:34:04
EVT-000573,VEN-0029186,PROD-00239,CLI-000887,Deportes,efectivo,Arequipa,1,4085.73,0.61,2026-05-13 16:34:05
EVT-000574,VEN-0033733,PROD-00472,CLI-004574,Deportes,yape,Arequipa,1,1212.95,0.28,2026-05-13 16:34:05
EVT-000575,VEN-0012580,PROD-00347,CLI-000780,Deportes,yape,Piura,2,860.19,0.43,2026-05-13 16:34:05
EVT-000576,VEN-0002112,PROD-00442,CLI-000397,Deportes,yape,Piura,5,16959.71,0.68,2026-05-13 16:34:05
EVT-000577,VEN-0043485,PROD-00209,CLI-003219,Ropa,yape,Arequipa,2,5782.25,0.85,2026-05-13 16:34:05
EVT-000578,VEN-0031732,PROD-00020,CLI-005506,Deportes,efectivo,Piura,1,2342.73,0.39,2026-05-13 16:34:05
EVT-000579,VEN-0012653,PROD-00021,CLI-004452,Tecnologia,plin,Cusco,1,3781.49,0.78,2026-05-13 16:34:05
EVT-000580,VEN-0017676,PROD-00370,CLI-004747,Hogar,efectivo,Piura,5,16821.72,0.66,2026-05-13 16:34:05
EVT-000581,VEN-0004025,PROD-00335,CLI-003218,Tecnologia,yape,Piura,1,3053.07,0.87,2026-05-13 16:34:05
EVT-000582,VEN-0043384,PROD-00441,CLI-005080,Ropa,tarjeta,Lima,3,3845.88,0.61,2026-05-13 16:34:05
EVT-000583,VEN-0019760,PROD-00003,CLI-005999,Electronica,yape,Piura,1,4414.1,0.9,2026-05-13 16:34:06
EVT-000584,VEN-0014226,PROD-00017,CLI-007187,Ropa,efectivo,Cusco,3,4908.54,0.63,2026-05-13 16:34:06
EVT-000585,VEN-0006238,PROD-00090,CLI-004624,Ropa,yape,Arequipa,3,11687.14,0.76,2026-05-13 16:34:06
EVT-000586,VEN-0036556,PROD-00252,CLI-005062,Ropa,efectivo,Piura,4,13626.18,0.91,2026-05-13 16:34:06
EVT-000587,VEN-0049469,PROD-00365,CLI-006474,Hogar,tarjeta,Lima,5,2634.84,0.47,2026-05-13 16:34:06
EVT-000588,VEN-0024738,PROD-00123,CLI-002389,Ropa,plin,Arequipa,3,3743.97,0.88,2026-05-13 16:34:06
EVT-000589,VEN-0045283,PROD-00136,CLI-007298,Tecnologia,efectivo,Piura,4,11888.72,0.73,2026-05-13 16:34:06
EVT-000590,VEN-0001315,PROD-00083,CLI-000886,Hogar,plin,Piura,3,5441.15,0.85,2026-05-13 16:34:06
EVT-000591,VEN-0035691,PROD-00416,CLI-009481,Deportes,tarjeta,Piura,4,9167.49,0.8,2026-05-13 16:34:06
EVT-000592,VEN-0019239,PROD-00363,CLI-007799,Ropa,efectivo,Arequipa,1,377.2,0.25,2026-05-13 16:34:06
EVT-000593,VEN-0033618,PROD-00057,CLI-003893,Deportes,tarjeta,Cusco,4,12376.08,0.91,2026-05-13 16:34:07
EVT-000594,VEN-0000761,PROD-00281,CLI-006499,Tecnologia,yape,Piura,2,4724.78,0.63,2026-05-13 16:34:07
EVT-000595,VEN-0004479,PROD-00278,CLI-002754,Deportes,plin,Arequipa,3,10062.07,0.68,2026-05-13 16:34:07
EVT-000596,VEN-0024042,PROD-00159,CLI-008660,Ropa,plin,Piura,1,700.0,0.49,2026-05-13 16:34:07
EVT-000597,VEN-0043552,PROD-00226,CLI-001314,Tecnologia,yape,Cusco,1,2583.61,0.53,2026-05-13 16:34:07
EVT-000598,VEN-0021604,PROD-00490,CLI-005370,Electronica,plin,Arequipa,1,317.9,0.2,2026-05-13 16:34:07
EVT-000599,VEN-0045522,PROD-00495,CLI-006165,Deportes,efectivo,Cusco,4,9980.94,0.65,2026-05-13 16:34:07
EVT-000600,VEN-0046690,PROD-00295,CLI-004676,Electronica,plin,Arequipa,5,22609.83,0.88,2026-05-13 16:34:07
